ResNum,AA,ACC,RSA
1,M,229,1.128
2,L,151,0.791
3,P,101,0.656
4,G,45,0.464
5,L,115,0.602
6,A,56,0.463
7,L,126,0.66
8,L,126,0.66
9,L,118,0.618
10,L,113,0.592
11,A,53,0.438
12,A,59,0.488
13,W,218,0.826
14,T,90,0.552
15,A,77,0.636
16,R,221,0.834
17,A,83,0.686
18,L,145,0.759
19,E,173,0.808
20,V,108,0.655
21,P,121,0.786
22,T,118,0.724
23,D,139,0.743
24,G,47,0.485
25,N,92,0.492
26,A,88,0.727
27,G,77,0.794
28,L,56,0.293
29,L,137,0.717
30,A,22,0.182
31,E,62,0.29
32,P,1,0.006
33,Q,30,0.14
34,I,0,0.0
35,A,0,0.0
36,M,29,0.143
37,F,28,0.123
38,C,43,0.291
39,G,17,0.175
40,R,14,0.053
41,L,9,0.047
42,N,0,0.0
43,M,4,0.02
44,H,23,0.106
45,M,21,0.103
46,N,32,0.171
47,V,20,0.121
48,Q,147,0.687
49,N,80,0.428
50,G,35,0.361
51,K,141,0.613
52,W,51,0.193
53,D,59,0.316
54,S,33,0.231
55,D,10,0.053
56,P,98,0.636
57,S,64,0.448
58,G,27,0.278
59,T,61,0.374
60,K,73,0.317
61,T,54,0.331
62,C,34,0.23
63,I,35,0.179
64,D,154,0.824
65,T,75,0.46
66,K,51,0.222
67,E,116,0.542
68,G,14,0.144
69,I,3,0.015
70,L,19,0.099
71,Q,104,0.486
72,Y,3,0.012
73,C,0,0.0
74,Q,88,0.411
75,E,84,0.393
76,V,19,0.115
77,Y,15,0.059
78,P,107,0.695
79,E,182,0.85
80,L,35,0.183
81,Q,147,0.687
82,I,7,0.036
83,T,60,0.368
84,N,13,0.07
85,V,0,0.0
86,V,6,0.036
87,E,41,0.192
88,A,13,0.107
89,N,52,0.278
90,Q,150,0.701
91,P,53,0.344
92,V,42,0.255
93,T,87,0.534
94,I,2,0.01
95,Q,108,0.505
96,N,79,0.422
97,W,2,0.008
98,C,13,0.088
99,K,37,0.161
100,R,154,0.581
101,G,82,0.845
102,R,119,0.449
103,K,216,0.939
104,Q,171,0.799
105,C,53,0.358
106,K,64,0.278
107,T,94,0.577
108,H,58,0.269
109,P,46,0.299
110,H,31,0.144
111,F,78,0.342
112,V,9,0.055
113,I,54,0.277
114,P,0,0.0
115,Y,33,0.129
116,R,35,0.132
117,C,1,0.007
118,L,20,0.105
119,V,35,0.212
120,G,18,0.186
121,E,180,0.841
122,F,49,0.215
123,V,116,0.703
124,S,41,0.287
125,D,41,0.219
126,A,104,0.86
127,L,26,0.136
128,L,141,0.738
129,V,68,0.412
130,P,49,0.318
131,D,156,0.834
132,K,176,0.765
133,C,20,0.135
134,K,147,0.639
135,F,91,0.399
136,L,41,0.215
137,H,119,0.551
138,Q,73,0.341
139,E,96,0.449
140,R,122,0.46
141,M,116,0.571
142,D,119,0.636
143,V,23,0.139
144,C,44,0.297
145,E,78,0.364
146,T,58,0.356
147,H,10,0.046
148,L,101,0.529
149,H,75,0.347
150,W,3,0.011
151,H,47,0.218
152,T,56,0.344
153,V,20,0.121
154,A,0,0.0
155,K,82,0.357
156,E,113,0.528
157,T,21,0.129
158,C,0,0.0
159,S,72,0.503
160,E,158,0.738
161,K,116,0.504
162,S,88,0.615
163,T,27,0.166
164,N,100,0.535
165,L,26,0.136
166,H,103,0.477
167,D,46,0.246
168,Y,21,0.082
169,G,0,0.0
170,M,5,0.025
171,L,19,0.099
172,L,65,0.34
173,P,53,0.344
174,C,36,0.243
175,G,32,0.33
176,I,53,0.272
177,D,7,0.037
178,K,94,0.409
179,F,0,0.0
180,R,76,0.287
181,G,0,0.0
182,V,0,0.0
183,E,25,0.117
184,F,2,0.009
185,V,0,0.0
186,C,4,0.027
187,C,18,0.122
188,P,61,0.396
189,L,110,0.576
190,A,102,0.843
191,E,173,0.808
192,E,156,0.729
193,S,99,0.692
194,D,147,0.786
195,N,138,0.738
196,V,131,0.794
197,D,151,0.807
198,S,124,0.867
199,A,93,0.769
200,D,156,0.834
201,A,95,0.785
202,E,175,0.818
203,E,193,0.902
204,D,142,0.759
205,D,161,0.861
206,S,77,0.538
207,D,166,0.888
208,V,72,0.436
209,W,175,0.663
210,W,87,0.33
211,G,60,0.619
212,G,31,0.32
213,A,60,0.496
214,D,134,0.717
215,T,116,0.712
216,D,135,0.722
217,Y,163,0.639
218,A,92,0.76
219,D,164,0.877
220,G,70,0.722
221,S,109,0.762
222,E,189,0.883
223,D,167,0.893
224,K,193,0.839
225,V,132,0.8
226,V,124,0.752
227,E,181,0.846
228,V,133,0.806
229,A,91,0.752
230,E,192,0.897
231,E,185,0.864
232,E,175,0.818
233,E,168,0.785
234,V,129,0.782
235,A,102,0.843
236,E,176,0.822
237,V,149,0.903
238,E,166,0.776
239,E,178,0.832
240,E,198,0.925
241,E,177,0.827
242,A,102,0.843
243,D,131,0.701
244,D,170,0.909
245,D,144,0.77
246,E,196,0.916
247,D,146,0.781
248,D,169,0.904
249,E,180,0.841
250,D,170,0.909
251,G,68,0.701
252,D,167,0.893
253,E,185,0.864
254,V,134,0.812
255,E,175,0.818
256,E,186,0.869
257,E,181,0.846
258,A,96,0.793
259,E,195,0.911
260,E,157,0.734
261,P,111,0.721
262,Y,221,0.867
263,E,194,0.907
264,E,184,0.86
265,A,102,0.843
266,T,120,0.736
267,E,173,0.808
268,R,215,0.811
269,T,142,0.871
270,T,130,0.798
271,S,115,0.804
272,I,145,0.744
273,A,98,0.81
274,T,124,0.761
275,T,121,0.742
276,T,137,0.84
277,T,113,0.693
278,T,145,0.89
279,T,95,0.583
280,T,136,0.834
281,E,126,0.589
282,S,53,0.371
283,V,123,0.745
284,E,113,0.528
285,E,85,0.397
286,V,52,0.315
287,V,38,0.23
288,R,82,0.309
289,E,111,0.519
290,V,19,0.115
291,C,0,0.0
292,S,72,0.503
293,E,68,0.318
294,Q,165,0.771
295,A,36,0.298
296,E,99,0.463
297,T,82,0.503
298,G,21,0.216
299,P,108,0.701
300,C,56,0.378
301,R,240,0.906
302,A,48,0.397
303,M,160,0.788
304,I,66,0.338
305,S,74,0.517
306,R,58,0.219
307,W,54,0.205
308,Y,48,0.188
309,F,4,0.018
310,D,28,0.15
311,V,65,0.394
312,T,126,0.773
313,E,115,0.537
314,G,44,0.454
315,K,99,0.43
316,C,4,0.027
317,A,16,0.132
318,P,83,0.539
319,F,21,0.092
320,F,131,0.575
321,Y,31,0.122
322,G,4,0.041
323,G,37,0.381
324,C,39,0.264
325,G,48,0.495
326,G,34,0.351
327,N,26,0.139
328,R,182,0.687
329,N,0,0.0
330,N,29,0.155
331,F,13,0.057
332,D,98,0.524
333,T,60,0.368
334,E,77,0.36
335,E,139,0.65
336,Y,134,0.525
337,C,0,0.0
338,M,68,0.335
339,A,65,0.537
340,V,41,0.248
341,C,0,0.0
342,G,13,0.134
343,S,75,0.524
344,A,23,0.19
345,M,44,0.217
346,S,77,0.538
347,Q,124,0.579
348,S,47,0.329
349,L,142,0.743
350,L,150,0.785
351,K,183,0.796
352,T,120,0.736
353,T,125,0.767
354,Q,193,0.902
355,E,191,0.893
356,P,124,0.805
357,L,176,0.921
358,A,99,0.818
359,R,249,0.94
360,D,155,0.829
361,P,123,0.799
362,V,130,0.788
363,K,204,0.887
364,L,148,0.775
365,P,118,0.766
366,T,141,0.865
367,T,131,0.804
368,A,95,0.785
369,A,106,0.876
370,S,106,0.741
371,T,125,0.767
372,P,95,0.617
373,D,40,0.214
374,A,12,0.099
375,V,6,0.036
376,D,72,0.385
377,K,134,0.583
378,Y,10,0.039
379,L,45,0.236
380,E,153,0.715
381,T,66,0.405
382,P,107,0.695
383,G,35,0.361
384,D,68,0.364
385,E,182,0.85
386,N,98,0.524
387,E,4,0.019
388,H,72,0.333
389,A,61,0.504
390,H,83,0.384
391,F,20,0.088
392,Q,58,0.271
393,K,114,0.496
394,A,2,0.017
395,K,84,0.365
396,E,126,0.589
397,R,120,0.453
398,L,3,0.016
399,E,64,0.299
400,A,44,0.364
401,K,42,0.183
402,H,27,0.125
403,R,163,0.615
404,E,138,0.645
405,R,85,0.321
406,M,32,0.158
407,S,64,0.448
408,Q,97,0.453
409,V,6,0.036
410,M,81,0.399
411,R,159,0.6
412,E,67,0.313
413,W,56,0.212
414,E,119,0.556
415,E,74,0.346
416,A,21,0.174
417,E,113,0.528
418,R,142,0.536
419,Q,132,0.617
420,A,4,0.033
421,K,149,0.648
422,N,154,0.824
423,L,80,0.419
424,P,79,0.513
425,K,187,0.813
426,A,70,0.579
427,D,75,0.401
428,K,76,0.33
429,K,146,0.635
430,A,55,0.455
431,V,35,0.212
432,I,65,0.333
433,Q,98,0.458
434,H,107,0.495
435,F,17,0.075
436,Q,106,0.495
437,E,98,0.458
438,K,68,0.296
439,V,21,0.127
440,E,133,0.621
441,S,75,0.524
442,L,21,0.11
443,E,104,0.486
444,Q,109,0.509
445,E,70,0.327
446,A,1,0.008
447,A,41,0.339
448,N,80,0.428
449,E,40,0.187
450,R,95,0.358
451,Q,92,0.43
452,Q,102,0.477
453,L,3,0.016
454,V,61,0.37
455,E,103,0.481
456,T,35,0.215
457,H,22,0.102
458,M,40,0.197
459,A,59,0.488
460,R,35,0.132
461,V,27,0.164
462,E,95,0.444
463,A,49,0.405
464,M,71,0.35
465,L,22,0.115
466,N,46,0.246
467,D,77,0.412
468,R,145,0.547
469,R,31,0.117
470,R,135,0.509
471,L,99,0.518
472,A,10,0.083
473,L,39,0.204
474,E,98,0.458
475,N,70,0.374
476,Y,0,0.0
477,I,52,0.267
478,T,90,0.552
479,A,3,0.025
480,L,16,0.084
481,Q,143,0.668
482,A,41,0.339
483,V,145,0.879
484,P,105,0.682
485,P,38,0.247
486,R,188,0.709
487,P,23,0.149
488,R,176,0.664
489,H,91,0.421
490,V,0,0.0
491,F,21,0.092
492,N,82,0.439
493,M,21,0.103
494,L,0,0.0
495,K,69,0.3
496,K,124,0.539
497,Y,0,0.0
498,V,2,0.012
499,R,98,0.37
500,A,3,0.025
501,E,1,0.005
502,Q,41,0.192
503,K,65,0.283
504,D,2,0.011
505,R,41,0.155
506,Q,48,0.224
507,H,37,0.171
508,T,13,0.08
509,L,10,0.052
510,K,66,0.287
511,H,53,0.245
512,F,8,0.035
513,E,57,0.266
514,H,54,0.25
515,V,12,0.073
516,R,107,0.404
517,M,116,0.571
518,V,104,0.63
519,D,65,0.348
520,P,86,0.558
521,K,144,0.626
522,K,87,0.378
523,A,3,0.025
524,A,70,0.579
525,Q,146,0.682
526,I,30,0.154
527,R,84,0.317
528,S,68,0.476
529,Q,139,0.65
530,V,12,0.073
531,M,68,0.335
532,T,73,0.448
533,H,51,0.236
534,L,13,0.068
535,R,107,0.404
536,V,63,0.382
537,I,5,0.026
538,Y,50,0.196
539,E,71,0.332
540,R,51,0.192
541,M,22,0.108
542,N,44,0.235
543,Q,128,0.598
544,S,8,0.056
545,L,10,0.052
546,S,39,0.273
547,L,62,0.325
548,L,0,0.0
549,Y,62,0.243
550,N,121,0.647
551,V,37,0.224
552,P,89,0.578
553,A,75,0.62
554,V,3,0.018
555,A,6,0.05
556,E,158,0.738
557,E,127,0.593
558,I,3,0.015
559,Q,5,0.023
560,D,80,0.428
561,E,68,0.318
562,V,1,0.006
563,D,15,0.08
564,E,139,0.65
565,L,18,0.094
566,L,34,0.178
567,Q,74,0.346
568,K,128,0.557
569,E,28,0.131
570,Q,40,0.187
571,N,98,0.524
572,Y,124,0.486
573,S,4,0.028
574,D,56,0.299
575,D,117,0.626
576,V,41,0.248
577,L,28,0.147
578,A,54,0.446
579,N,102,0.545
580,M,10,0.049
581,I,90,0.462
582,S,67,0.469
583,E,153,0.715
584,P,111,0.721
585,R,242,0.913
586,I,134,0.687
587,S,105,0.734
588,Y,191,0.749
589,G,68,0.701
590,N,142,0.759
591,D,171,0.914
592,A,94,0.777
593,L,154,0.806
594,M,176,0.867
595,P,108,0.701
596,S,121,0.846
597,L,166,0.869
598,T,125,0.767
599,E,189,0.883
600,T,133,0.816
601,K,206,0.896
602,T,138,0.847
603,T,124,0.761
604,V,141,0.855
605,E,170,0.794
606,L,179,0.937
607,L,161,0.843
608,P,101,0.656
609,V,146,0.885
610,N,153,0.818
611,G,78,0.804
612,E,185,0.864
613,F,215,0.943
614,S,96,0.671
615,L,171,0.895
616,D,143,0.765
617,D,171,0.914
618,L,175,0.916
619,Q,186,0.869
620,P,100,0.649
621,W,242,0.917
622,H,200,0.926
623,S,94,0.657
624,F,207,0.908
625,G,69,0.711
626,A,91,0.752
627,D,151,0.807
628,S,111,0.776
629,V,137,0.83
630,P,125,0.812
631,A,80,0.661
632,N,147,0.786
633,T,112,0.687
634,E,168,0.785
635,N,163,0.872
636,E,179,0.836
637,V,144,0.873
638,E,171,0.799
639,P,100,0.649
640,V,152,0.921
641,D,160,0.856
642,A,96,0.793
643,R,237,0.894
644,P,113,0.734
645,A,92,0.76
646,A,98,0.81
647,D,114,0.61
648,R,223,0.842
649,G,81,0.835
650,L,155,0.812
651,T,116,0.712
652,T,133,0.816
653,R,236,0.891
654,P,121,0.786
655,G,60,0.619
656,S,136,0.951
657,G,61,0.629
658,L,159,0.832
659,T,109,0.669
660,N,131,0.701
661,I,133,0.682
662,K,179,0.778
663,T,106,0.65
664,E,163,0.762
665,E,145,0.678
666,I,140,0.718
667,S,108,0.755
668,E,181,0.846
669,V,151,0.915
670,K,178,0.774
671,M,167,0.823
672,D,135,0.722
673,A,91,0.752
674,E,175,0.818
675,F,155,0.68
676,R,200,0.755
677,H,168,0.778
678,D,141,0.754
679,S,98,0.685
680,G,72,0.742
681,Y,226,0.886
682,E,185,0.864
683,V,121,0.733
684,H,175,0.81
685,H,178,0.824
686,Q,192,0.897
687,K,187,0.813
688,L,154,0.806
689,V,109,0.661
690,F,186,0.816
691,F,203,0.89
692,A,95,0.785
693,E,197,0.921
694,D,161,0.861
695,V,145,0.879
696,G,65,0.67
697,S,109,0.762
698,N,127,0.679
699,K,187,0.813
700,G,63,0.649
701,A,60,0.496
702,I,115,0.59
703,I,117,0.6
704,G,50,0.515
705,L,135,0.707
706,M,140,0.69
707,V,91,0.552
708,G,31,0.32
709,G,41,0.423
710,V,96,0.582
711,V,83,0.503
712,I,106,0.544
713,A,51,0.421
714,T,72,0.442
715,V,81,0.491
716,I,89,0.456
717,V,91,0.552
718,I,102,0.523
719,T,70,0.429
720,L,107,0.56
721,V,96,0.582
722,M,131,0.645
723,L,116,0.607
724,K,173,0.752
725,K,179,0.778
726,K,182,0.791
727,Q,170,0.794
728,Y,214,0.839
729,T,135,0.828
730,S,105,0.734
731,I,161,0.826
732,H,175,0.81
733,H,187,0.866
734,G,68,0.701
735,V,140,0.848
736,V,122,0.739
737,E,188,0.879
738,V,110,0.667
739,D,144,0.77
740,A,106,0.876
741,A,88,0.727
742,V,74,0.448
743,T,70,0.429
744,P,112,0.727
745,E,153,0.715
746,E,106,0.495
747,R,124,0.468
748,H,117,0.542
749,L,82,0.429
750,S,54,0.378
751,K,133,0.578
752,M,67,0.33
753,Q,124,0.579
754,Q,152,0.71
755,N,144,0.77
756,G,65,0.67
757,Y,127,0.498
758,E,141,0.659
759,N,54,0.289
760,P,93,0.604
761,T,83,0.509
762,Y,180,0.706
763,K,114,0.496
764,F,126,0.553
765,F,131,0.575
766,E,143,0.668
767,Q,152,0.71
768,M,137,0.675
769,Q,177,0.827
770,N,210,1.123
